Asal Sekolah,Jurusan,Masa Studi,Usia pada saat Lulus D4,IPS1,IPS2,IPS3,IPS4,IPS5,IPS6,IPS7,Status Cuti,Status Bekerja,Keikutsertaan Organisasi,status_kelulusan
,,4.0,23.0,3.57,3.75,3.29,3.59,3.75,3.5,3.62,0,,0.0,1
,,4.0,23.0,3.48,3.75,3.43,3.73,3.85,3.7,3.85,0,,1.0,1
,,4.0,31.0,3.48,3.65,3.62,3.77,3.75,3.15,4.0,0,1.0,0.0,1
,,4.0,24.0,3.33,3.7,3.71,3.64,3.75,3.6,3.69,0,,0.0,1
,,4.0,22.0,2.71,3.15,3.05,3.27,2.6,2.75,3.31,0,,0.0,1
,,4.0,23.0,3.38,3.5,3.76,3.5,3.75,3.6,3.85,0,,0.0,1
,,4.0,22.0,3.38,3.35,3.48,3.59,3.6,3.6,3.85,0,,0.0,1
,,4.0,22.0,3.38,3.35,3.81,3.73,3.75,3.4,3.85,0,,0.0,1
,,4.0,22.0,3.62,3.45,3.76,3.86,3.85,3.6,4.0,0,,0.0,1
,,4.0,22.0,3.67,3.35,3.9,3.64,3.75,3.45,3.85,0,,0.0,1
,,4.0,22.0,3.38,3.05,2.52,2.95,3.45,2.95,2.92,0,,0.0,1
,,4.0,26.0,3.38,3.2,3.48,3.73,3.75,3.15,3.62,0,,0.0,1
,,4.0,22.0,3.48,3.25,3.81,3.36,3.85,3.55,3.85,0,,0.0,1
,,4.0,22.0,2.9,2.45,2.71,2.41,1.6,2.15,2.23,0,,0.0,1
,,4.0,22.0,3.24,3.25,3.43,3.36,3.45,3.35,3.85,0,,0.0,1
,,4.0,22.0,3.57,3.6,3.86,3.86,3.85,3.7,4.0,0,,0.0,1
,,4.0,22.0,3.38,3.1,3.29,3.41,3.45,3.4,3.46,0,,0.0,1
,,4.0,22.0,3.62,3.35,3.43,3.5,3.6,3.6,3.62,0,,0.0,1
,,4.0,24.0,3.1,2.85,3.19,3.0,3.15,2.9,2.77,0,,0.0,1
,,4.0,23.0,3.14,3.4,3.38,3.45,4.0,3.25,3.85,0,,0.0,1
,,4.0,23.0,3.71,3.15,3.48,3.86,3.4,3.25,3.62,0,,0.0,1
,,4.0,23.0,3.62,3.45,3.9,3.86,3.75,3.7,4.0,0,,0.0,1
,,4.0,21.0,3.71,3.5,3.9,3.86,3.9,3.7,4.0,0,,0.0,1
,,4.0,21.0,3.48,3.25,3.67,3.5,3.75,3.75,3.77,0,,0.0,1
,,4.0,23.0,3.38,3.3,2.81,3.0,2.75,2.5,3.31,0,,0.0,1
,,4.0,22.0,3.57,3.7,3.43,3.36,3.45,2.65,3.46,0,,0.0,1
,,4.0,23.0,3.24,3.4,3.33,3.36,3.15,3.15,3.46,0,,0.0,1
,,4.0,22.0,3.19,3.5,3.71,3.45,3.6,3.6,3.62,0,,0.0,1
,,4.0,22.0,3.33,3.4,3.52,3.45,3.3,3.5,3.62,0,,0.0,1
,,4.0,22.0,3.1,3.5,3.33,3.68,3.6,3.3,3.46,0,,0.0,1
,,4.0,23.0,3.71,3.9,3.38,3.73,3.6,3.7,3.85,0,,1.0,1
,,4.0,22.0,3.14,3.45,3.71,3.86,3.45,3.65,3.46,0,,1.0,1
,,4.0,25.0,2.57,2.4,2.81,2.82,2.85,2.75,3.69,0,,0.0,1
,,4.0,23.0,3.62,3.85,3.71,3.73,3.45,3.25,3.69,0,,0.0,1
,,4.0,23.0,3.33,3.4,3.19,3.59,3.6,3.15,3.62,0,,0.0,1
,,4.0,22.0,3.1,3.5,3.14,3.14,2.9,2.8,3.31,0,,0.0,1
,,4.0,21.0,3.52,3.75,3.33,4.0,4.0,3.6,4.0,0,,1.0,1
,,4.0,22.0,3.33,3.55,3.1,3.23,3.6,3.5,3.85,0,,0.0,1
,,4.0,23.0,3.33,3.7,3.43,3.32,3.45,3.25,3.85,0,,1.0,1
,,4.0,22.0,3.86,4.0,3.9,4.0,4.0,3.85,4.0,0,,0.0,1
,,4.0,24.0,3.48,4.0,3.9,3.73,3.75,3.6,3.85,0,,0.0,1
,,4.0,23.0,3.24,3.35,3.33,3.77,3.45,3.15,3.69,0,,1.0,1
,,4.0,23.0,3.71,4.0,3.71,3.86,3.7,3.7,3.85,0,1.0,0.0,1
,,4.0,22.0,3.71,3.7,3.71,3.59,3.75,3.6,3.46,0,,0.0,1
,,4.0,24.0,3.48,3.55,2.81,3.41,3.15,2.4,3.31,0,,0.0,1
,,4.0,23.0,2.48,1.85,2.57,3.0,3.7,3.4,3.62,0,,0.0,1
,,4.0,22.0,3.48,3.7,3.48,3.64,3.6,3.75,3.46,0,,0.0,1
,,4.0,26.0,3.24,3.5,3.14,3.27,3.45,3.2,3.46,0,,0.0,1
,,4.0,21.0,3.62,3.8,3.81,3.86,3.85,3.7,3.85,0,,0.0,1
,,4.0,22.0,3.48,3.7,3.52,4.0,3.7,3.7,4.0,0,,1.0,1
,,4.0,22.0,2.48,3.5,3.48,2.95,3.2,3.6,3.69,0,,0.0,1
,,4.0,24.0,3.48,2.8,2.9,3.27,3.15,3.0,3.46,0,,0.0,1
,,4.0,22.0,3.38,3.4,3.14,3.36,3.45,3.25,3.46,0,,0.0,1
,,4.0,23.0,3.24,3.15,3.71,3.59,3.6,3.35,3.62,0,,0.0,1
,,4.0,23.0,3.62,3.6,3.81,3.64,3.75,3.45,3.85,0,,0.0,1
,,5.0,23.0,3.25,2.85,2.43,3.0,3.1,2.43,3.83,1,,0.0,0
,,5.0,24.0,3.25,3.15,0.62,2.91,3.15,2.4,2.92,1,,0.0,0
,,5.0,23.0,3.5,3.25,3.29,3.0,3.6,3.25,3.54,1,,0.0,0
,,5.0,23.0,2.9,2.4,1.48,2.73,2.05,2.3,2.38,1,,0.0,0
,,4.0,22.0,3.9,3.6,3.87,3.77,3.62,3.71,4.0,0,,0.0,1
,,4.0,22.0,3.6,3.5,3.78,3.77,3.52,3.76,4.0,0,,0.0,1
,,4.0,22.0,3.55,3.45,3.48,3.36,3.24,3.48,4.0,0,,0.0,1
,,4.0,24.0,3.9,3.6,3.78,3.41,3.33,2.67,3.5,0,,1.0,1
,,4.0,22.0,4.0,3.45,3.74,4.0,3.81,3.86,4.0,0,,0.0,1
,,4.0,24.0,3.65,3.7,3.65,3.23,3.62,3.48,4.0,0,,0.0,1
,,4.0,25.0,3.7,3.85,3.87,3.91,3.71,3.57,4.0,0,,1.0,1
,,4.0,22.0,3.45,3.3,3.7,3.77,3.76,3.71,4.0,0,,0.0,1
,,4.0,22.0,3.5,3.25,3.39,3.41,3.14,3.19,4.0,0,,0.0,1
,,4.0,22.0,3.8,3.9,3.78,4.0,4.0,4.0,3.83,0,,0.0,1
Sma Negeri 03 Brebes,Ipa,4.0,22.0,3.55,3.75,3.61,3.91,3.76,3.76,3.67,0,1.0,0.0,1
,,4.0,23.0,3.3,3.25,3.26,3.27,3.0,3.33,4.0,0,,0.0,1
,,4.0,21.0,3.65,3.75,3.87,3.91,4.0,4.0,4.0,0,,1.0,1
,,4.0,22.0,3.4,3.45,3.43,3.14,3.19,3.29,3.58,0,,0.0,1
,,4.0,22.0,3.3,3.25,3.35,3.14,3.1,3.24,3.58,0,,0.0,1
Smk N 1 Bulakamba,Tkj,4.0,25.0,3.75,3.85,3.87,4.0,2.81,3.71,3.83,0,1.0,0.0,1
,,4.0,23.0,3.3,3.25,3.52,3.36,3.0,3.33,3.83,0,,0.0,1
,,4.0,26.0,3.3,3.45,3.39,3.23,3.24,2.52,3.58,0,,0.0,1
,,4.0,22.0,3.0,2.8,3.26,3.41,2.48,2.67,3.58,0,,0.0,1
,,4.0,22.0,3.3,3.35,3.39,3.77,3.52,3.57,4.0,0,,0.0,1
,,4.0,23.0,3.4,3.45,3.7,3.91,3.67,3.62,4.0,0,,0.0,1
,,4.0,22.0,3.65,3.45,3.35,3.5,3.24,3.62,4.0,0,,0.0,1
,,4.0,23.0,3.6,3.45,3.7,3.91,3.52,3.62,4.0,0,,0.0,1
,,4.0,22.0,3.4,3.6,3.65,3.5,3.62,3.48,4.0,0,,0.0,1
,,4.0,22.0,3.4,3.35,3.48,3.77,3.24,3.57,4.0,0,,0.0,1
,,4.0,23.0,3.2,2.45,3.09,3.14,2.19,3.14,3.67,0,,0.0,1
,,4.0,21.0,3.45,3.65,3.52,3.5,3.33,3.19,3.83,0,,0.0,1
,,4.0,21.0,3.4,3.75,3.43,3.77,3.52,3.62,4.0,0,,0.0,1
,,4.0,22.0,3.3,3.25,2.91,3.18,3.05,3.48,3.67,0,,0.0,1
,,4.0,23.0,3.65,3.7,3.52,3.86,3.38,3.62,3.83,0,,0.0,1
,,4.0,23.0,3.45,3.55,3.35,3.45,3.05,3.57,3.83,0,,0.0,1
,,4.0,22.0,3.3,2.95,3.0,3.27,2.81,3.05,3.67,0,,0.0,1
,,4.0,23.0,3.45,3.5,3.35,3.27,2.81,3.0,3.83,0,,0.0,1
,,4.0,22.0,3.7,3.5,3.17,3.55,3.19,2.95,3.83,0,,0.0,1
,,4.0,25.0,3.75,3.6,3.43,3.77,3.29,3.62,4.0,0,,0.0,1
,,4.0,22.0,3.3,3.1,3.04,3.27,2.33,3.1,3.83,0,,0.0,1
,,4.0,22.0,3.8,3.6,3.78,3.86,3.62,3.62,4.0,0,,0.0,1
,,4.0,25.0,3.7,3.25,3.22,3.36,3.1,3.71,3.83,0,,0.0,1
,,4.0,22.0,3.65,3.75,3.13,3.45,3.14,3.1,3.83,0,,0.0,1
,,4.0,22.0,4.0,3.9,4.0,3.82,3.24,3.38,4.0,0,,0.0,1
Smk Pusponegoro 01 Brebes,Otomotif,4.0,23.0,4.0,3.7,3.91,4.0,3.9,4.0,4.0,0,1.0,1.0,1
,,4.0,25.0,3.8,3.5,3.52,3.82,3.71,3.33,3.67,0,,1.0,1
,,4.0,23.0,3.65,3.25,3.3,3.36,2.86,3.29,3.83,0,,0.0,1
,,4.0,23.0,3.3,3.5,3.22,3.27,3.19,3.48,3.83,0,,0.0,1
,,4.0,22.0,3.7,3.75,3.57,3.27,3.29,3.62,4.0,0,,0.0,1
,,4.0,21.0,3.65,3.5,3.35,3.68,3.57,3.62,3.83,0,,0.0,1
,,4.0,22.0,3.55,3.9,3.57,3.86,3.67,3.86,3.83,0,,0.0,1
,,4.0,23.0,3.75,4.0,3.74,3.73,3.86,3.76,3.83,0,,0.0,1
,,4.0,22.0,3.65,3.7,3.57,4.0,3.62,4.0,4.0,0,,0.0,1
,,4.0,23.0,3.6,3.25,2.78,3.23,3.43,3.1,4.0,0,,0.0,1
,,4.0,22.0,3.6,3.05,3.43,3.5,3.52,3.71,3.83,0,,0.0,1
,,4.0,21.0,3.9,4.0,3.74,3.91,3.86,3.9,4.0,0,,1.0,1
,,4.0,23.0,3.45,3.4,3.13,3.55,3.43,3.1,4.0,0,,0.0,1
,,4.0,22.0,3.2,3.1,3.22,3.64,3.43,3.24,3.75,0,,0.0,1
,,4.0,22.0,3.15,3.0,3.13,3.5,3.57,3.24,4.0,0,,0.0,1
,,4.0,25.0,3.8,4.0,3.74,3.91,3.9,3.86,4.0,0,,0.0,1
,,4.0,23.0,3.45,3.25,3.43,3.5,3.52,3.57,4.0,0,,0.0,1
,,4.0,24.0,3.45,3.55,3.7,3.73,3.52,3.52,3.83,0,,1.0,1
,,4.0,23.0,3.45,2.95,3.35,2.77,3.0,3.19,3.42,0,,0.0,1
,,4.0,25.0,3.45,2.6,2.83,2.59,2.9,2.62,3.5,0,,0.0,1
,,4.0,24.0,3.6,3.15,2.3,2.23,2.33,2.52,3.5,0,,0.0,1
,,4.0,24.0,3.45,3.25,3.43,3.77,3.29,3.33,4.0,0,,0.0,1
,,4.0,21.0,3.7,3.5,3.35,3.27,2.57,3.24,4.0,0,,1.0,1
,,4.0,22.0,3.05,2.95,3.35,3.09,2.57,2.81,3.67,0,,0.0,1
,,4.0,26.0,3.4,3.25,3.35,3.55,3.0,3.33,3.83,0,,0.0,1
,,4.0,23.0,3.4,3.6,3.35,3.14,2.76,3.33,3.83,0,,0.0,1
,,4.0,22.0,3.3,3.35,3.74,3.64,3.67,3.29,4.0,0,,0.0,1
,,4.0,22.0,3.55,3.7,3.35,3.86,3.48,3.62,4.0,0,,0.0,1
,,4.0,24.0,3.65,3.35,3.43,3.64,3.24,3.24,3.83,0,,0.0,1
,,4.0,24.0,3.6,3.4,3.26,3.36,2.9,3.24,3.58,0,,0.0,1
,,4.0,22.0,3.9,4.0,3.87,3.86,3.33,3.62,3.83,0,,0.0,1
,,4.0,21.0,3.65,3.85,3.57,3.36,3.24,2.95,4.0,0,,0.0,1
,,4.0,23.0,3.2,3.4,3.48,3.5,3.0,3.38,3.83,0,,0.0,1
,,4.0,22.0,3.5,3.65,3.78,3.77,3.38,3.62,3.83,0,,0.0,1
Sma Negeri 5 Purwokerto,Ipa,4.0,22.0,3.35,3.85,3.57,3.64,3.0,3.19,4.0,0,1.0,1.0,1
,,4.0,22.0,3.55,3.5,3.43,3.64,3.52,3.33,4.0,0,,0.0,1
,,4.0,22.0,3.75,4.0,4.0,3.73,3.71,4.0,4.0,0,,0.0,1
,,4.0,22.0,3.7,3.85,3.78,4.0,3.62,3.76,4.0,0,,0.0,1
,,4.0,22.0,3.65,3.35,3.3,3.73,3.0,3.24,3.83,0,,0.0,1
,,4.0,23.0,3.75,3.9,3.78,3.86,3.62,4.0,4.0,0,,0.0,1
,,4.0,24.0,3.45,3.4,3.48,3.55,3.43,3.71,4.0,0,,0.0,1
,,4.0,22.0,3.65,3.7,3.65,3.64,3.52,3.57,4.0,0,,1.0,1
,,6.0,24.0,3.05,3.15,3.14,2.64,2.86,3.0,3.42,1,,0.0,0
,,5.0,23.0,3.2,3.35,3.22,3.14,2.86,2.62,3.67,1,,0.0,0
,,5.0,25.0,3.1,2.65,3.04,3.55,2.81,2.9,3.33,1,,0.0,0
,,5.0,23.0,3.3,3.2,3.35,3.45,3.14,3.57,3.83,1,,0.0,0
,,5.0,23.0,3.45,3.75,3.74,3.86,3.29,3.33,4.0,1,,0.0,0
,,5.0,24.0,3.3,3.25,3.3,3.55,3.0,3.05,3.67,1,,0.0,0
,,5.0,24.0,3.45,3.0,3.09,3.32,2.81,2.57,3.08,1,,0.0,0
,,5.0,23.0,3.15,2.5,2.52,3.23,2.52,2.62,3.33,1,,0.0,0
,,5.0,23.0,3.0,2.5,2.74,2.77,3.52,3.38,3.83,1,,0.0,0
,,5.0,23.0,3.3,2.65,2.61,2.41,3.0,2.9,3.17,1,,0.0,0
,,5.0,24.0,3.2,2.5,2.52,2.55,2.67,3.24,3.83,1,,0.0,0
,,5.0,24.0,3.3,3.25,3.04,3.23,3.33,3.05,3.67,1,,0.0,0
,,5.0,23.0,3.05,2.6,3.17,2.36,2.86,2.38,3.25,1,,0.0,0
,,5.0,24.0,3.05,3.1,2.87,2.36,2.67,3.24,3.42,1,,0.0,0
,,5.0,26.0,3.65,3.5,3.57,3.64,2.9,3.38,3.83,1,,0.0,0
,,5.0,24.0,3.15,3.65,3.43,3.64,2.29,2.9,3.42,1,1.0,0.0,0
,,4.0,23.0,3.62,3.4,3.43,4.0,4.0,3.76,3.83,0,,0.0,1
,,4.0,23.0,3.86,3.6,3.48,3.59,4.0,3.52,4.0,0,,1.0,1
,,4.0,23.0,3.57,3.2,3.52,3.45,3.9,3.62,3.83,0,,0.0,1
,,4.0,23.0,3.48,3.1,3.26,3.41,3.52,3.52,3.67,0,,0.0,1
,,4.0,22.0,3.43,3.6,3.65,3.45,3.86,3.76,3.83,0,,0.0,1
,,4.0,23.0,3.71,3.7,3.3,3.86,3.9,3.62,4.0,0,,0.0,1
,,4.0,22.0,3.57,3.45,3.52,3.36,3.43,3.43,3.58,0,,0.0,1
Sma Negeri 1 Dukuhwaru,Ipa,4.0,22.0,3.67,3.85,3.65,3.86,4.0,3.86,4.0,0,1.0,0.0,1
,,4.0,24.0,3.38,3.1,3.13,3.32,3.62,3.67,3.83,0,,0.0,1
,,4.0,22.0,3.62,2.85,3.48,3.0,3.38,3.24,3.83,0,,0.0,1
,,4.0,22.0,3.43,2.95,3.04,3.23,3.43,2.76,3.58,0,,0.0,1
Smk Negeri 1 Slawi,Tkj,4.0,22.0,4.0,3.85,3.74,3.86,4.0,4.0,3.83,0,1.0,0.0,1
,,4.0,23.0,3.52,3.35,3.26,3.45,3.62,3.24,3.83,0,,0.0,1
,,4.0,22.0,3.24,3.25,3.26,3.5,3.33,3.48,3.58,0,,0.0,1
,,4.0,23.0,3.33,3.2,3.17,3.14,3.48,3.52,3.58,0,,0.0,1
,,4.0,22.0,3.14,2.45,2.83,3.0,3.48,2.9,3.83,0,,0.0,1
,,4.0,23.0,3.38,3.25,3.04,3.23,3.71,3.62,3.75,0,,0.0,1
,,4.0,27.0,3.33,3.15,3.3,3.55,3.14,3.1,3.58,0,,0.0,1
,,4.0,22.0,3.71,3.6,3.57,3.5,3.86,3.38,4.0,0,,0.0,1
,,4.0,23.0,3.62,3.45,3.26,3.77,3.67,3.9,3.83,0,,0.0,1
,,4.0,21.0,3.86,3.9,3.65,3.73,3.52,3.62,3.67,0,,0.0,1
,,4.0,23.0,3.62,3.15,2.78,2.82,3.14,2.38,3.0,0,,0.0,1
,,4.0,22.0,3.24,3.0,3.26,3.14,3.14,3.29,3.83,0,,0.0,1
,,4.0,24.0,3.43,3.5,3.3,3.59,3.9,3.62,3.83,0,,0.0,1
,,4.0,22.0,3.48,3.35,3.26,3.23,3.62,3.43,3.75,0,,0.0,1
,,4.0,24.0,3.48,3.4,3.22,3.41,3.24,3.05,3.33,0,,0.0,1
,,4.0,23.0,3.86,4.0,3.87,3.86,4.0,4.0,4.0,0,,1.0,1
,,4.0,22.0,3.52,3.7,3.52,3.14,3.52,3.48,3.83,0,,0.0,1
,,4.0,22.0,3.43,3.2,3.04,3.09,3.48,3.05,3.75,0,,0.0,1
,,4.0,23.0,3.57,3.2,3.26,3.59,4.0,3.9,3.83,0,,0.0,1
,,4.0,22.0,3.43,3.0,3.43,3.09,3.67,3.29,4.0,0,,0.0,1
,,4.0,24.0,3.57,3.25,3.48,3.14,3.52,3.52,3.67,0,,0.0,1
Smk Dwp Kota Tegal,Tkj,4.0,22.0,3.52,3.4,3.17,3.41,3.38,3.14,4.0,0,1.0,1.0,1
,,4.0,22.0,3.43,3.5,3.0,3.5,3.9,3.48,4.0,0,,0.0,1
,,4.0,23.0,3.43,3.6,3.13,3.36,3.48,3.29,3.83,0,,0.0,1
,,4.0,23.0,3.43,3.65,3.09,3.59,3.9,3.62,4.0,0,,0.0,1
,,4.0,22.0,3.62,3.55,3.35,3.86,3.9,3.76,3.83,0,,0.0,1
,,4.0,24.0,3.48,3.25,3.26,3.73,3.62,3.67,4.0,0,,0.0,1
,,4.0,22.0,3.52,3.6,3.35,3.36,3.67,3.62,3.83,0,,1.0,1
,,4.0,22.0,3.52,3.0,2.96,3.32,3.62,3.19,3.58,0,,0.0,1
,,4.0,23.0,3.62,3.55,3.65,3.5,4.0,3.62,4.0,0,,0.0,1
Smk Bhakti Praja Dukuhwaru,Tkj,4.0,21.0,3.86,3.5,3.78,3.86,3.9,3.86,4.0,0,1.0,0.0,1
,,4.0,22.0,3.86,4.0,4.0,4.0,4.0,4.0,4.0,0,,0.0,1
,,4.0,22.0,3.76,3.7,3.65,3.59,3.9,3.9,4.0,0,,0.0,1
,,4.0,21.0,3.43,3.5,3.35,3.59,3.38,3.05,3.67,0,,0.0,1
,,4.0,22.0,3.43,3.35,3.35,3.27,3.62,3.33,3.67,0,,0.0,1
,,4.0,25.0,3.67,3.55,3.35,3.27,3.24,3.14,3.83,0,,0.0,1
,,4.0,22.0,3.71,3.7,3.65,3.73,3.86,3.9,3.83,0,,0.0,1
,,4.0,24.0,3.52,3.7,3.78,3.73,4.0,3.9,4.0,0,,0.0,1
,,4.0,22.0,3.9,3.7,3.74,3.73,3.9,3.76,3.83,0,,0.0,1
,,4.0,22.0,3.67,3.55,3.43,3.09,3.76,3.52,3.58,0,,0.0,1
Smk N 1 Pemalang,Tkj,4.0,22.0,3.62,3.05,3.57,3.23,3.48,3.38,3.67,0,1.0,0.0,1
,,4.0,22.0,3.43,3.2,3.13,3.23,3.48,3.48,4.0,0,,0.0,1
,,4.0,25.0,3.33,3.0,2.91,2.91,3.48,2.43,3.0,0,,0.0,1
,,4.0,23.0,3.67,3.25,3.26,3.77,3.81,3.76,4.0,0,,0.0,1
,,4.0,22.0,3.9,3.85,3.57,3.64,3.9,3.9,4.0,0,,0.0,1
,,4.0,21.0,3.52,3.65,3.3,3.5,3.62,3.48,4.0,0,1.0,0.0,1
,,4.0,22.0,3.62,3.6,3.35,3.41,3.62,3.38,4.0,0,,0.0,1
,,4.0,23.0,3.24,3.4,3.3,3.36,3.67,3.9,4.0,0,,0.0,1
,,4.0,22.0,3.24,3.15,3.43,3.5,3.62,3.48,3.83,0,,0.0,1
,,6.0,25.0,3.0,2.65,2.43,2.64,2.48,3.1,3.25,1,,0.0,0
,,5.0,24.0,3.38,2.75,3.3,2.91,2.81,2.67,3.67,1,,0.0,0
,,5.0,26.0,3.29,2.6,2.7,2.91,3.05,2.76,3.67,1,,0.0,0
,,5.0,24.0,3.14,3.05,3.04,3.0,3.67,3.05,3.83,1,,0.0,0
,,5.0,23.0,3.43,3.55,3.48,3.64,3.67,3.81,3.67,1,0.0,0.0,0
,,5.0,23.0,3.43,3.25,2.96,3.36,3.19,2.86,3.17,1,,0.0,0
,,5.0,23.0,3.48,3.25,3.26,3.36,3.62,3.43,3.67,1,,0.0,0
,,5.0,25.0,3.14,2.35,3.04,3.0,3.48,3.62,3.5,1,,0.0,0
Man 3 Kebumen,Ipa,5.0,23.0,3.67,3.35,3.26,3.45,3.76,3.24,3.83,1,0.0,0.0,0
,,5.0,23.0,3.76,3.65,3.7,3.36,3.86,3.52,3.83,1,,1.0,0
,,5.0,23.0,3.62,3.0,3.35,3.45,3.62,3.38,3.58,1,,0.0,0
,,4.0,22.0,3.62,3.75,3.74,3.45,3.38,3.43,3.83,0,,1.0,1
,,4.0,23.0,3.24,3.55,3.04,3.36,3.1,2.86,2.92,0,,0.0,1
,,4.0,22.0,3.43,3.6,3.83,3.73,3.9,3.9,3.58,0,,0.0,1
Smk N 1 Pemalang,Tkj,4.0,23.0,3.52,3.65,3.3,3.77,3.43,3.14,3.25,0,1.0,0.0,1
,,4.0,22.0,3.29,3.7,3.57,3.59,3.19,3.1,3.42,0,,0.0,1
,,4.0,23.0,3.14,3.7,3.35,3.5,3.14,3.1,3.42,0,,1.0,1
,,4.0,21.0,3.33,3.75,3.7,3.86,3.81,3.29,3.58,0,,0.0,1
,,4.0,23.0,3.24,3.6,3.7,3.73,3.43,2.86,3.58,0,,0.0,1
,,4.0,23.0,3.62,4.0,3.74,3.73,3.76,4.0,3.83,0,1.0,0.0,1
,,4.0,21.0,3.29,3.45,3.61,3.59,3.67,3.52,3.83,0,,0.0,1
,,4.0,25.0,3.1,3.45,3.83,3.86,3.62,3.76,3.58,0,,0.0,1
,,4.0,23.0,3.43,3.65,3.57,3.73,3.76,3.24,3.58,0,,0.0,1
,,4.0,22.0,3.81,3.9,3.57,4.0,3.48,3.43,3.58,0,,1.0,1
,,4.0,22.0,3.33,3.75,3.83,3.73,3.67,3.52,3.83,0,,0.0,1
,,4.0,22.0,3.43,3.75,3.91,3.86,3.57,3.29,3.83,0,,0.0,1
,,4.0,24.0,3.29,3.75,3.7,3.5,3.38,2.62,3.58,0,,0.0,1
,,4.0,23.0,3.52,3.5,3.35,3.5,3.29,3.43,3.58,0,,0.0,1
,,4.0,22.0,3.76,4.0,3.78,4.0,3.9,3.52,3.58,0,,0.0,1
,,4.0,22.0,3.14,3.5,3.48,3.73,3.24,3.33,3.67,0,,0.0,1
,,4.0,22.0,3.86,4.0,4.0,4.0,4.0,4.0,4.0,0,1.0,0.0,1
,,4.0,21.0,3.52,3.5,3.65,3.73,3.48,3.33,4.0,0,,0.0,1
,,4.0,24.0,3.48,3.85,3.78,3.73,3.76,3.24,3.42,0,,1.0,1
Sma Negeri 3 Tegal,Ips,4.0,22.0,3.9,3.8,3.78,4.0,3.67,3.62,3.67,0,1.0,0.0,1
,,4.0,22.0,3.52,4.0,3.87,3.86,3.48,3.62,3.83,0,1.0,0.0,1
,,4.0,22.0,3.24,3.65,3.48,3.36,3.52,3.0,3.08,0,,0.0,1
,,4.0,22.0,3.0,3.3,3.61,3.5,3.1,2.76,3.08,0,,0.0,1
,,4.0,22.0,3.05,3.65,3.43,3.64,3.14,3.29,3.42,0,,1.0,1
,,4.0,23.0,3.24,3.8,3.83,3.64,3.76,3.38,3.83,0,1.0,0.0,1
,,4.0,22.0,3.9,3.75,3.91,4.0,3.62,3.62,3.33,0,,0.0,1
Smk Negeri 1 Brebes,Tkj,4.0,23.0,3.33,3.75,3.48,3.64,2.95,2.71,3.25,0,1.0,0.0,1
Smk N 01 Brebes,Tkj,4.0,24.0,3.76,3.85,3.91,4.0,3.48,3.14,3.33,0,1.0,0.0,1
,,4.0,23.0,3.62,3.8,3.48,3.73,3.62,3.57,3.58,0,,0.0,1
,,4.0,22.0,3.52,3.6,3.74,3.45,3.38,3.76,3.58,0,,0.0,1
,,4.0,22.0,3.9,3.9,4.0,4.0,3.9,3.86,4.0,0,,0.0,1
Sma N 1 Dukuhwaru,Ipa,4.0,23.0,3.52,3.6,3.7,3.86,3.48,3.33,3.58,0,1.0,0.0,1
,,4.0,22.0,3.52,3.6,3.35,3.59,3.52,3.1,3.5,0,,0.0,1
,,4.0,22.0,3.67,3.75,3.65,3.59,3.52,3.48,3.67,0,,0.0,1
,,4.0,22.0,3.05,3.5,3.52,3.73,3.43,3.0,3.42,0,,0.0,1
,,4.0,23.0,2.81,3.55,3.39,3.73,2.95,2.81,3.0,0,,0.0,1
,,4.0,22.0,3.19,3.35,3.39,3.45,3.19,2.86,3.33,0,,0.0,1
,,4.0,22.0,3.62,4.0,4.0,3.73,3.9,3.76,3.83,0,,0.0,1
Smk Ypt Kota Tegal,Teknik Elektro Dan Listrik,4.0,23.0,3.43,3.85,3.39,3.73,3.57,3.38,3.42,0,1.0,0.0,1
,,4.0,25.0,3.24,3.6,3.61,4.0,3.48,3.24,3.58,0,,0.0,1
,,4.0,22.0,3.62,3.75,3.61,3.59,3.38,3.62,3.42,0,,0.0,1
,,4.0,23.0,3.33,3.8,3.7,3.86,3.62,3.62,3.17,0,,0.0,1
,,4.0,25.0,3.43,3.85,3.3,3.64,3.14,3.33,3.0,0,,0.0,1
,,4.0,22.0,3.71,4.0,4.0,3.86,3.86,3.62,3.83,0,,0.0,1
,,4.0,22.0,3.38,3.7,3.43,3.5,3.24,3.33,3.42,0,,0.0,1
,,4.0,23.0,3.9,4.0,3.7,4.0,3.38,3.1,3.33,0,,1.0,1
,,4.0,24.0,3.48,3.6,3.57,3.73,3.38,3.1,3.42,0,,0.0,1
,,4.0,22.0,3.43,4.0,3.83,3.73,3.62,3.33,3.83,0,,0.0,1
,,4.0,21.0,3.76,4.0,3.48,3.86,3.14,3.19,3.33,0,,0.0,1
,,4.0,24.0,2.86,3.55,3.61,3.36,3.33,3.0,3.33,0,,0.0,1
,,4.0,23.0,3.52,3.9,3.48,3.5,3.52,3.29,3.33,0,,0.0,1
,,4.0,22.0,3.38,3.7,3.7,3.86,3.67,3.38,3.58,0,,0.0,1
,,4.0,24.0,4.0,4.0,4.0,3.86,3.9,3.9,3.42,0,,0.0,1
,,4.0,22.0,3.29,3.55,3.43,3.59,3.29,2.95,3.5,0,,0.0,1
,,4.0,24.0,3.0,3.5,3.09,3.36,3.24,2.9,2.83,0,,0.0,1
,,4.0,22.0,3.62,3.6,3.48,3.86,3.62,3.14,3.5,0,,1.0,1
,,4.0,28.0,3.62,4.0,3.78,4.0,3.67,3.38,2.83,0,,0.0,1
,,4.0,23.0,3.9,3.9,3.78,3.86,3.62,3.33,4.0,0,,0.0,1
,,4.0,25.0,3.38,4.0,3.78,3.91,3.62,3.52,3.42,0,,0.0,1
,,4.0,22.0,3.71,3.85,3.91,3.73,3.62,3.48,3.67,0,1.0,0.0,1
,,4.0,25.0,3.0,3.55,3.0,3.5,3.1,2.81,3.0,0,,0.0,1
,,7.0,27.0,3.2,2.85,3.0,3.0,2.71,2.62,3.25,1,,0.0,0
,,7.0,25.0,3.3,3.05,2.96,3.36,2.81,3.29,3.67,1,1.0,0.0,0
,,7.0,25.0,3.6,3.75,3.65,3.59,3.19,3.43,4.0,1,,0.0,0
,,6.0,26.0,3.14,2.6,2.52,2.64,2.9,2.38,3.58,1,,0.0,0
,,5.0,25.0,3.43,3.4,3.04,3.5,3.14,2.43,3.83,1,1.0,0.0,0
,,5.0,23.0,2.67,3.05,3.0,3.09,2.57,2.14,3.58,1,1.0,0.0,0
,,5.0,23.0,3.52,3.75,3.91,3.5,3.81,3.62,3.42,1,1.0,0.0,0
,,5.0,24.0,3.43,3.2,3.35,3.59,3.29,3.33,3.58,1,,0.0,0
,,5.0,23.0,3.0,2.8,3.09,3.36,3.67,3.14,3.42,1,,0.0,0
,,5.0,28.0,2.67,3.35,3.48,3.91,3.24,2.67,3.42,1,,0.0,0
,,5.0,24.0,3.48,3.6,3.48,3.59,3.29,3.1,3.58,1,,0.0,0
,,5.0,23.0,2.67,3.2,3.52,3.64,2.95,3.0,2.58,1,,0.0,0
,,5.0,23.0,3.1,2.9,3.26,3.59,3.43,2.71,3.0,1,1.0,0.0,0
,,5.0,24.0,2.67,2.65,2.7,3.0,3.33,2.67,3.0,1,,0.0,0
,,5.0,24.0,3.24,3.65,3.43,4.0,3.24,3.38,3.58,1,,0.0,0
,,5.0,24.0,3.48,3.7,3.48,3.73,2.57,2.86,3.17,1,1.0,0.0,0
,,5.0,26.0,3.33,3.4,3.48,3.73,3.1,2.38,3.17,1,,0.0,0
,,5.0,27.0,3.14,3.2,3.13,2.59,2.67,2.43,2.92,1,,0.0,0
,,5.0,24.0,2.81,2.8,3.0,3.0,2.43,2.67,2.67,1,,0.0,0
,,5.0,23.0,3.57,3.9,3.57,3.86,3.52,3.48,3.58,1,1.0,0.0,0
,,5.0,25.0,3.05,3.05,3.26,3.27,3.0,2.67,3.25,1,,0.0,0
,,5.0,24.0,3.1,2.95,3.04,2.77,2.71,2.57,2.67,1,,0.0,0
,,5.0,25.0,3.43,3.9,3.57,3.86,3.1,3.24,3.08,1,,0.0,0
,,4.0,23.0,3.0,3.65,3.3,3.23,2.9,3.38,3.83,0,1.0,0.0,1
,,4.0,24.0,3.38,3.9,3.39,3.73,3.24,3.33,3.83,0,0.0,0.0,1
,,4.0,26.0,3.76,3.6,3.48,3.73,3.57,3.76,3.83,0,0.0,0.0,1
,,4.0,22.0,4.0,3.85,4.0,3.86,3.86,3.86,3.83,0,0.0,0.0,1
Smkn 1 Dukuhturi,Administrasi Perkantoran,4.0,22.0,3.67,3.6,3.78,3.59,3.1,3.48,3.83,0,1.0,1.0,1
,,4.0,24.0,3.0,3.55,3.09,3.5,2.95,3.14,4.0,0,,0.0,1
,,4.0,22.0,3.76,3.6,3.3,3.45,2.9,3.24,3.83,0,,0.0,1
,,4.0,23.0,3.62,3.25,3.39,3.59,3.29,3.57,3.83,0,1.0,0.0,1
,,4.0,22.0,3.43,4.0,3.48,3.73,3.29,3.1,3.58,0,1.0,1.0,1
,,4.0,24.0,3.76,3.65,3.43,3.73,3.33,3.62,4.0,0,,0.0,1
,,4.0,22.0,3.1,3.65,3.43,3.41,3.0,2.9,3.83,0,,0.0,1
,,4.0,22.0,3.62,3.85,3.48,3.73,3.38,3.33,3.83,0,,0.0,1
,,4.0,22.0,3.48,3.75,3.22,3.64,3.48,3.62,3.83,0,,0.0,1
,,4.0,23.0,2.9,3.35,3.26,3.5,2.76,2.9,3.83,0,1.0,0.0,1
,,4.0,22.0,3.38,3.5,3.35,3.5,2.76,2.95,3.67,0,,0.0,1
,,4.0,28.0,3.05,3.55,3.35,3.41,3.38,3.67,3.58,0,,0.0,1
Smk Negeri 1 Brebes,Tkj,4.0,22.0,3.76,3.85,3.7,3.73,3.33,3.57,4.0,0,1.0,0.0,1
,,4.0,22.0,4.0,4.0,3.78,3.73,3.38,3.24,3.83,0,,0.0,1
,,4.0,22.0,3.86,4.0,3.91,3.73,3.81,3.86,4.0,0,1.0,0.0,1
,,4.0,24.0,3.52,3.75,3.48,3.5,3.0,2.9,3.83,0,1.0,0.0,1
,,4.0,22.0,3.14,3.4,3.13,3.27,3.24,2.9,3.83,0,1.0,0.0,1
,,4.0,22.0,3.29,3.65,3.43,3.36,2.86,2.9,3.42,0,1.0,0.0,1
,,4.0,22.0,3.76,3.7,3.7,3.59,3.33,3.38,3.83,0,0.0,0.0,1
,,4.0,22.0,3.57,3.5,3.65,3.86,3.76,3.62,3.83,0,1.0,0.0,1
,,4.0,22.0,3.0,3.65,3.3,3.59,3.43,3.1,3.83,0,,0.0,1
,,4.0,22.0,4.0,3.9,3.78,4.0,3.48,3.62,3.83,0,,0.0,1
,,4.0,23.0,3.48,3.75,3.26,3.5,3.38,2.95,3.58,0,1.0,0.0,1
,,4.0,23.0,3.9,3.9,3.78,3.86,3.33,3.76,4.0,0,,0.0,1
,,4.0,23.0,3.67,3.5,3.52,3.64,3.19,3.0,4.0,0,1.0,0.0,1
,,4.0,22.0,3.86,3.7,3.7,3.73,3.48,3.71,3.83,0,1.0,0.0,1
,,4.0,22.0,3.57,3.65,3.48,3.5,3.24,3.38,3.83,0,1.0,0.0,1
,,4.0,26.0,2.76,3.55,3.09,3.0,2.62,2.62,3.83,0,,0.0,1
,,4.0,22.0,3.62,3.9,3.61,3.86,3.48,3.62,4.0,0,,0.0,1
,,4.0,22.0,3.48,3.35,3.52,3.64,3.14,3.14,3.58,0,,0.0,1
,,4.0,22.0,3.67,4.0,3.7,3.64,3.48,3.86,3.83,0,,0.0,1
,,4.0,22.0,3.86,3.85,3.74,3.73,3.19,3.57,3.83,0,1.0,1.0,1
,,4.0,26.0,3.76,3.8,3.7,3.59,3.33,3.24,3.58,0,,0.0,1
,,4.0,22.0,4.0,3.7,3.7,3.59,3.1,3.86,3.83,0,1.0,0.0,1
,,4.0,23.0,4.0,3.85,3.7,3.73,3.24,3.76,4.0,0,1.0,0.0,1
,,4.0,22.0,3.62,3.65,3.39,3.73,3.29,3.48,3.83,0,,0.0,1
,,4.0,23.0,3.62,3.65,3.43,3.59,2.76,3.19,3.58,0,,1.0,1
,,4.0,21.0,3.71,3.7,3.57,3.59,3.62,3.57,3.83,0,,0.0,1
,,4.0,22.0,3.24,3.9,3.52,3.73,3.14,3.48,3.83,0,1.0,0.0,1
,,4.0,22.0,3.9,3.5,3.61,3.73,3.48,3.52,3.83,0,,0.0,1
,,4.0,21.0,3.71,4.0,3.48,3.73,3.14,3.38,3.58,0,1.0,0.0,1
,,4.0,22.0,3.67,3.8,3.22,2.86,2.52,3.38,3.83,0,1.0,0.0,1
,,4.0,24.0,3.24,3.35,3.35,3.73,3.1,3.29,3.83,0,1.0,0.0,1
,,4.0,24.0,3.05,3.25,2.96,3.0,2.14,2.62,3.0,0,,0.0,1
,,4.0,23.0,3.29,3.9,3.39,3.59,3.0,3.14,3.83,0,,0.0,1
,,4.0,24.0,3.24,3.7,3.3,3.64,3.29,3.38,3.83,0,1.0,0.0,1
,,4.0,23.0,3.14,2.85,2.96,3.27,2.81,3.14,3.33,0,,0.0,1
,,4.0,24.0,3.62,3.9,3.7,3.59,3.48,3.0,3.83,0,1.0,1.0,1
,,4.0,23.0,3.67,3.65,3.26,3.64,3.14,3.62,3.83,0,1.0,0.0,1
,,4.0,25.0,3.33,3.7,3.09,3.64,2.95,2.86,3.83,0,1.0,0.0,1
,,4.0,23.0,3.57,4.0,3.7,4.0,3.24,3.48,3.83,0,,0.0,1
,,4.0,22.0,3.14,3.3,2.91,2.95,2.33,2.67,3.58,0,,0.0,1
,,4.0,22.0,3.9,3.5,3.61,3.86,3.0,3.38,3.83,0,,0.0,1
,,4.0,22.0,3.48,3.7,3.65,3.73,3.48,3.33,3.83,0,1.0,0.0,1
,,4.0,23.0,3.33,3.6,3.43,3.45,3.43,3.19,4.0,0,,0.0,1
,,4.0,21.0,3.57,3.75,3.39,3.73,3.14,3.29,3.83,0,1.0,0.0,1
Smk Bina Nusa Slawi,Multimedia,4.0,22.0,3.76,3.8,3.61,3.59,3.24,3.57,3.58,0,1.0,0.0,1
,,4.0,22.0,3.86,3.75,3.78,3.64,3.24,3.76,3.83,0,,0.0,1
,,4.0,22.0,3.43,3.75,3.7,3.64,3.38,3.24,3.83,0,,0.0,1
,,4.0,23.0,3.14,3.35,2.83,2.77,2.14,2.38,3.67,0,,0.0,1
,,4.0,23.0,3.9,3.75,3.61,3.59,3.33,3.43,3.83,0,,0.0,1
,,4.0,25.0,3.81,4.0,3.57,3.73,3.33,3.48,4.0,0,,0.0,1
,,4.0,23.0,3.76,3.5,3.39,3.86,2.9,3.38,3.83,0,,0.0,1
,,4.0,21.0,3.29,3.9,3.26,3.5,3.14,3.14,3.58,0,,1.0,1
,,4.0,22.0,3.33,3.55,3.3,3.36,2.81,3.1,3.58,0,0.0,0.0,1
,,4.0,22.0,3.43,3.6,3.39,3.77,3.48,3.52,3.58,0,,0.0,1
,,6.0,28.0,2.9,2.95,3.22,3.36,2.67,2.52,2.42,1,1.0,0.0,0
,,6.0,24.0,2.86,3.15,3.0,3.14,2.71,2.57,2.75,1,1.0,1.0,0
,,6.0,25.0,3.29,3.25,3.61,3.36,3.24,2.9,3.0,1,,0.0,0
Smkn 1 Slawi,"Komputer, Teknologi Informasi",6.0,24.0,3.52,3.85,3.52,3.86,3.43,3.1,3.58,1,1.0,0.0,0
,,5.0,23.0,3.43,3.55,3.39,3.32,2.14,3.0,4.0,1,1.0,0.0,0
Sma N 01 Larangan,Ipa,5.0,23.0,3.86,4.0,3.91,3.73,3.71,3.9,4.0,1,1.0,1.0,0
,,5.0,25.0,3.76,3.5,3.74,3.64,3.52,3.76,3.83,1,,0.0,0
Smk Bhakti Praja Dukuhwaru,Tkj,5.0,24.0,3.57,3.8,3.39,3.5,2.76,3.0,3.83,1,0.0,0.0,0
,,5.0,25.0,3.0,3.05,2.96,3.27,2.76,2.76,3.42,1,,0.0,0
,,5.0,24.0,4.0,4.0,3.74,4.0,3.62,3.9,3.83,1,1.0,0.0,0
,,5.0,23.0,2.71,2.7,2.96,3.14,3.05,2.86,3.17,1,0.0,0.0,0
,,5.0,25.0,3.67,3.9,3.48,3.59,3.05,3.24,3.33,1,1.0,0.0,0
,,5.0,22.0,3.81,3.65,3.7,3.77,2.9,3.1,3.08,1,1.0,0.0,0
,,5.0,23.0,3.38,3.65,2.91,3.05,2.57,2.86,3.5,1,,0.0,0
,,5.0,23.0,4.0,3.9,3.52,3.86,3.19,3.14,3.58,1,1.0,1.0,0
,,5.0,22.0,3.71,4.0,3.35,3.36,3.1,3.29,3.33,1,1.0,1.0,0
,,4.0,24.0,3.24,3.5,3.04,3.55,3.14,3.0,3.25,0,0.0,0.0,1
,,4.0,24.0,3.33,3.5,3.17,3.36,3.0,3.05,3.0,0,0.0,0.0,1
,,4.0,24.0,3.29,3.35,3.48,3.55,3.38,3.43,3.25,0,,1.0,1
,,4.0,24.0,4.0,3.9,3.65,3.77,3.43,3.38,3.58,0,1.0,1.0,1
,,4.0,24.0,3.52,3.6,3.26,3.55,3.48,3.57,3.83,0,,0.0,1
,,4.0,24.0,3.67,3.5,3.57,3.64,3.62,3.57,4.0,0,1.0,0.0,1
,,4.0,24.0,3.76,4.0,3.91,3.59,3.24,3.38,3.42,0,1.0,0.0,1
,,4.0,24.0,3.57,3.85,3.78,3.64,3.57,3.52,3.83,0,0.0,0.0,1
,,4.0,24.0,3.24,3.5,3.04,3.14,3.0,3.14,3.42,0,,0.0,1
,,4.0,24.0,3.67,3.75,3.39,3.77,3.14,3.38,3.58,0,,1.0,1
Smk Maarif Nu 03 Larangan,Multimedia,4.0,24.0,3.57,3.9,3.48,3.77,3.57,3.57,3.25,0,0.0,0.0,1
,,4.0,24.0,3.24,2.95,2.96,3.45,3.14,2.81,2.75,0,1.0,0.0,1
,,4.0,24.0,3.86,3.75,3.78,3.86,3.86,3.9,3.83,0,,1.0,1
,,4.0,24.0,3.29,3.2,3.0,3.5,3.33,3.57,3.83,0,1.0,0.0,1
,,4.0,24.0,3.86,4.0,3.74,3.86,3.43,3.38,4.0,0,1.0,1.0,1
,,4.0,24.0,3.86,4.0,3.57,4.0,3.33,3.52,4.0,0,1.0,0.0,1
,,4.0,24.0,3.9,3.9,3.48,3.64,3.29,3.0,4.0,0,1.0,1.0,1
,,4.0,24.0,3.33,3.45,3.48,3.55,3.1,3.38,3.75,0,,0.0,1
Smk N 3 Tegal,Tkj,4.0,24.0,3.71,3.9,3.65,3.86,3.33,3.76,3.83,0,1.0,0.0,1
,,4.0,24.0,3.67,3.65,3.48,3.68,3.76,3.38,4.0,0,1.0,0.0,1
,,4.0,24.0,3.57,3.85,3.61,3.45,3.62,3.38,3.75,0,,0.0,1
,,4.0,24.0,3.76,4.0,3.57,3.77,3.71,3.81,3.33,0,1.0,0.0,1
Sma N 5 Kota Tegal,Ips,4.0,24.0,3.81,3.75,3.48,4.0,3.62,3.52,4.0,0,,1.0,1
,,4.0,24.0,3.48,3.6,3.35,3.68,3.24,3.38,3.17,0,1.0,0.0,1
,,4.0,24.0,3.33,3.6,3.26,3.27,3.05,3.38,3.33,0,1.0,0.0,1
,,4.0,24.0,3.67,4.0,3.52,3.86,3.29,3.38,4.0,0,1.0,0.0,1
,,4.0,24.0,4.0,4.0,3.7,3.77,3.71,4.0,4.0,0,1.0,0.0,1
,,4.0,24.0,3.76,3.75,3.43,3.64,3.71,3.43,3.58,0,1.0,0.0,1
Smk N 1 Slawi,Tkj,4.0,24.0,4.0,4.0,3.78,3.77,3.43,3.62,3.83,0,,1.0,1
Smk Al Irsyad,Tkj,4.0,24.0,3.86,4.0,3.83,3.5,3.38,3.38,3.42,0,1.0,0.0,1
,,4.0,24.0,3.24,3.5,3.48,3.64,3.14,3.29,3.5,0,,0.0,1
,,4.0,24.0,3.67,4.0,3.57,4.0,3.62,3.9,3.42,0,,0.0,1
Sma N 2 Brebes,Ips,4.0,24.0,3.76,4.0,3.48,3.64,3.33,3.1,3.42,0,1.0,0.0,1
,,4.0,24.0,3.48,3.5,3.61,3.5,2.9,3.29,3.67,0,,0.0,1
,,4.0,24.0,3.0,3.5,3.26,3.23,3.05,3.05,3.0,0,1.0,0.0,1
Man 1 Tegal,Ips,4.0,24.0,3.43,3.85,3.57,3.86,3.48,3.9,3.83,0,1.0,1.0,1
Sma Negeri 1 Kramat,Mipa,4.0,24.0,3.76,3.6,3.48,3.77,3.48,3.76,4.0,0,1.0,0.0,1
Man 1 Brebes,Ipa,4.0,24.0,3.71,3.75,3.61,3.73,3.71,3.29,3.83,0,1.0,0.0,1
Smk Muhammadiyah 1 Kota Tegal,Multimedia,4.0,24.0,3.52,3.45,3.57,3.64,3.57,3.52,3.25,0,1.0,0.0,1
,,4.0,24.0,3.76,4.0,3.91,3.91,4.0,3.52,3.67,0,,0.0,1
,,4.0,24.0,3.52,3.9,3.3,3.36,3.33,3.14,3.25,0,,0.0,1
Smk Al-Hikmah 1 Sirampog,Otomotif,4.0,24.0,3.67,3.35,3.17,3.82,3.33,3.38,3.25,0,1.0,0.0,1
Sma Negeri 3 Brebes,Ipa,4.0,24.0,3.86,3.85,3.48,4.0,3.29,3.33,4.0,0,1.0,1.0,1
,,4.0,24.0,3.71,3.75,3.7,4.0,3.62,3.43,3.58,0,1.0,1.0,1
,,4.0,24.0,4.0,3.9,3.57,3.77,3.43,3.52,3.83,0,,0.0,1
,,4.0,24.0,3.57,3.55,3.17,3.5,3.48,3.38,3.58,0,,0.0,1
,,4.0,24.0,3.48,3.75,3.48,3.77,2.9,3.1,3.42,0,,0.0,1
,,4.0,24.0,2.86,2.6,2.48,3.0,2.57,2.9,3.0,0,,0.0,1
Man 1 Tangerang,Ipa,4.0,24.0,3.67,3.7,3.48,3.55,3.24,3.19,3.67,0,1.0,0.0,1
,,4.0,24.0,3.71,4.0,3.17,3.5,2.95,2.95,4.0,0,1.0,0.0,1
,,7.0,24.0,2.76,2.9,3.17,3.5,2.95,2.52,3.42,1,,0.0,0
,,7.0,24.0,3.38,3.8,3.3,3.36,3.14,3.0,3.42,1,1.0,1.0,0
Sma Negeri 4 Tegal,Mia/Ipa,7.0,24.0,3.81,3.85,3.43,3.5,3.38,3.48,3.33,1,,0.0,0
Smk Muhammadiyah 1 Kota Tegal,Multimedia,7.0,25.0,3.52,3.8,3.48,3.45,3.52,3.1,3.42,1,1.0,1.0,0
,,7.0,25.0,3.48,3.25,3.48,3.32,3.33,2.9,3.17,1,,,0
,,7.0,25.0,3.43,3.65,3.61,3.73,3.76,3.1,3.83,1,,0.0,0
,,7.0,24.0,2.57,3.25,2.57,3.32,3.29,3.52,3.5,1,,0.0,0
Smk Bhakti Praja Dukuhwaru,Tkj,6.0,24.0,3.24,3.35,2.96,3.36,2.95,3.38,3.83,1,,0.0,0
,,6.0,24.0,3.29,3.8,3.48,3.64,3.62,3.62,3.83,1,,0.0,0
,,6.0,24.0,3.48,3.5,3.39,3.64,3.14,3.24,4.0,1,,0.0,0
,,6.0,23.0,3.24,3.4,3.39,3.55,3.14,3.19,3.83,1,1.0,0.0,0
,,6.0,24.0,3.43,3.6,3.39,3.64,3.24,3.57,3.83,1,,0.0,0
Man 2 Tegal,Ipa,6.0,25.0,2.81,3.0,2.83,3.0,2.9,2.76,3.58,1,1.0,0.0,0
,,6.0,23.0,3.33,3.3,3.09,3.05,2.71,2.52,2.83,1,1.0,0.0,0
,,6.0,24.0,3.76,3.75,3.52,3.73,3.48,3.1,3.83,1,1.0,0.0,0
,,6.0,24.0,3.48,3.5,3.3,3.64,3.05,3.38,3.83,1,1.0,0.0,0
,,6.0,23.0,3.33,3.35,3.13,3.5,3.14,2.86,3.75,1,,0.0,0
,,6.0,23.0,3.33,3.35,3.26,3.59,3.24,3.33,3.83,1,,0.0,0
Sma N 2 Tegal,Ips,6.0,23.0,3.57,3.65,3.39,3.77,2.9,3.19,3.83,1,,0.0,0
,,6.0,27.0,3.67,3.35,3.7,3.64,3.76,3.43,3.58,1,1.0,0.0,0
,,5.0,23.0,3.9,3.75,3.3,3.64,3.24,3.81,3.67,1,,0.0,0
,,5.0,24.0,3.43,3.75,3.39,3.59,3.24,2.86,3.33,1,1.0,1.0,0
Sma N 1 Dukuhwaru,Ips,5.0,23.0,3.33,3.5,3.48,3.41,3.24,3.14,3.0,1,1.0,1.0,0
,,5.0,22.0,3.76,3.6,3.48,3.55,3.43,3.52,3.17,1,,0.0,0
Smas Fajar Dunia,Ipa,5.0,24.0,3.67,3.7,3.7,3.86,3.52,3.52,3.58,1,1.0,0.0,0
Smk N 1 Brebes,Akuntansi,5.0,25.0,3.81,3.9,3.26,3.41,3.19,3.76,3.42,1,,0.0,0
,,5.0,23.0,3.38,3.0,2.78,3.5,3.05,3.19,3.0,1,1.0,0.0,0
,,5.0,23.0,3.52,3.55,3.39,3.41,2.76,3.0,3.0,1,1.0,0.0,0
Sma Bu Nu Bumiayu,Ipa,5.0,23.0,3.52,3.6,3.04,3.27,2.95,3.0,3.5,1,,0.0,0
Sma Unggulan Selamat Kendal,Ips,5.0,23.0,3.29,3.25,3.0,3.23,3.14,3.62,3.0,1,1.0,0.0,0
,,5.0,23.0,3.9,3.75,3.65,3.36,3.43,3.24,3.25,1,,0.0,0
Sma Negeri 1 Banjarharjo,Ips,5.0,22.0,3.67,3.75,3.52,3.64,3.1,3.14,3.17,1,,0.0,0
,,5.0,24.0,3.71,3.85,3.39,3.73,3.33,3.1,3.67,1,,0.0,0
Sma Negeri 4 Tegal,Ips,5.0,22.0,3.52,3.5,3.48,3.64,3.38,3.52,3.33,1,,0.0,0
Sma Muhammadiyah Tegal,Ips,5.0,21.0,3.52,3.35,3.26,3.5,3.19,2.89,3.8,1,,0.0,0
,,5.0,22.0,3.0,3.75,3.52,3.32,3.0,2.9,3.58,1,1.0,0.0,0
,,4.0,22.0,3.19,3.65,2.95,2.86,3.39,3.0,3.4,0,,0.0,1
,,4.0,23.0,3.86,4.0,4.0,3.67,3.57,3.73,4.0,0,,0.0,1
,,4.0,24.0,4.0,4.0,3.5,3.48,3.74,3.45,3.8,0,1.0,0.0,1
,,4.0,23.0,3.48,3.9,3.23,3.38,3.74,3.45,4.0,0,1.0,0.0,1
Man Pemalang,Ips,4.0,22.0,3.57,3.5,3.55,3.48,3.61,3.64,4.0,0,1.0,0.0,1
Sman 4 Tegal,Ips,4.0,22.0,3.9,3.65,3.77,3.52,3.74,3.5,3.8,0,,0.0,1
,,4.0,23.0,3.86,3.75,3.86,3.33,4.0,3.36,3.8,0,1.0,0.0,1
Smk Bhakti Praja Dukuhwaru,Tkj,4.0,22.0,3.38,3.5,3.23,3.38,3.35,3.14,3.8,0,1.0,0.0,1
,,4.0,22.0,3.43,3.8,3.41,3.71,3.43,3.0,4.0,0,1.0,0.0,1
Sma N 1 Warureja,Ipa,4.0,23.0,3.48,3.6,3.64,3.1,3.74,2.86,3.2,0,1.0,1.0,1
Sma N 4 Tegal,Ips,4.0,23.0,3.67,4.0,4.0,3.62,3.83,3.5,4.0,0,1.0,0.0,1
Sma,Ips,4.0,21.0,3.24,3.6,3.73,3.14,3.35,3.0,3.6,0,,0.0,1
,,4.0,22.0,3.81,3.65,3.41,3.38,3.48,3.68,3.6,0,,0.0,1
Sma Negeri 1 Pangkah,Ipa,4.0,23.0,3.76,3.75,3.77,3.71,4.0,3.77,4.0,0,1.0,1.0,1
,,4.0,22.0,3.71,3.85,3.5,3.14,3.74,3.14,3.0,0,1.0,0.0,1
,,4.0,22.0,3.67,4.0,3.77,3.76,3.87,3.86,4.0,0,,0.0,1
Smkn 1 Tonjong,Tav,4.0,22.0,3.43,3.9,3.64,3.43,3.26,3.14,3.8,0,,0.0,1
Smk Negeri 1 Slawi,Rekayasa Perangkat Lunak,4.0,23.0,3.9,3.9,3.77,4.0,3.91,3.45,4.0,0,1.0,1.0,1
,,4.0,23.0,3.76,3.9,3.27,3.57,3.61,3.82,4.0,0,1.0,0.0,1
,,4.0,22.0,3.76,3.75,3.5,3.52,3.13,3.0,3.0,0,1.0,0.0,1
,,4.0,23.0,3.57,3.65,2.91,3.33,3.52,3.0,4.0,0,,0.0,1
Sma N 3 Tegal,Ips,4.0,22.0,4.0,3.9,3.86,3.62,4.0,3.91,4.0,0,,1.0,1
Sma N 1 Dukuhwaru,Ips,4.0,23.0,3.67,3.75,3.32,3.24,3.13,3.23,3.8,0,,0.0,1
Smk Al Hikmah 2 Benda,Tkj,4.0,22.0,3.57,3.75,3.55,3.38,3.26,3.77,4.0,0,,0.0,1
Smk Nurul Ulum Lebaksiu,Tkj,4.0,22.0,3.81,3.75,3.77,3.33,3.74,3.23,3.0,0,,0.0,1
,,4.0,22.0,3.24,3.25,3.14,3.24,3.26,3.5,2.8,0,1.0,0.0,1
Sma Negeri 2 Slawi,Ipa,4.0,22.0,3.67,3.5,3.18,3.24,3.09,3.41,3.8,0,,1.0,1
Smk Negeri 1 Tonjong,Teknik Audio Video,4.0,21.0,3.57,3.75,3.14,3.62,3.65,3.41,3.8,0,,0.0,1
,,4.0,24.0,3.81,3.8,3.64,3.29,4.0,3.91,4.0,0,1.0,0.0,1
Smk Negeri 1 Adiwerna,Tkj,4.0,22.0,4.0,3.85,3.86,3.62,3.96,3.59,4.0,0,,0.0,1
,,4.0,21.0,3.38,3.5,3.36,3.0,3.17,2.45,3.6,0,,0.0,1
,,4.0,22.0,3.43,3.4,3.14,3.1,3.04,3.23,4.0,0,,0.0,1
Smk N 1 Adiwerna,Audio Video Engineering,4.0,23.0,3.86,4.0,3.86,3.76,4.0,3.91,4.0,0,1.0,0.0,1
,,4.0,22.0,4.0,3.75,3.45,3.14,3.52,3.14,4.0,0,1.0,1.0,1
Smk N 2 Tegal,Pemasaran,4.0,22.0,3.67,3.65,3.64,3.67,3.61,3.36,3.0,0,,0.0,1
Smk Al-Irsyad Tegal,Rekayasa Perangkat Lunak,4.0,24.0,3.67,3.7,3.64,3.62,3.61,3.64,3.6,0,1.0,0.0,1
,,4.0,22.0,3.57,3.65,3.73,3.14,3.43,3.14,3.8,0,1.0,0.0,1
,,4.0,22.0,3.9,3.65,3.36,3.43,3.39,3.14,3.8,0,1.0,0.0,1
,,4.0,22.0,4.0,3.75,3.77,3.48,3.3,3.73,3.8,0,,0.0,1
,,4.0,22.0,3.62,3.65,3.64,3.1,3.87,3.32,4.0,0,1.0,0.0,1
,,4.0,26.0,3.71,3.4,2.95,2.62,2.91,3.0,3.8,0,1.0,0.0,1
Smkn 1 Adiwerna,Tkj,4.0,21.0,4.0,3.85,3.73,3.9,3.52,3.55,3.8,0,1.0,0.0,1
Sma Negeri 4 Tegal,Ips,4.0,22.0,3.86,3.9,3.64,3.71,3.87,3.77,4.0,0,,0.0,1
Smks Nu 1 Slawi,Administrasi Perkantoran,4.0,21.0,3.57,3.65,3.18,2.95,3.35,3.27,3.8,0,,0.0,1
Sma Negeri 2 Tegal,Ipa,4.0,21.0,3.81,3.85,3.64,3.62,3.61,3.59,4.0,0,,0.0,1
,,4.0,21.0,3.57,3.35,3.77,3.24,3.13,2.77,3.6,0,,0.0,1
,,4.0,22.0,3.9,3.75,3.64,3.76,3.74,3.64,4.0,0,1.0,0.0,1
,,4.0,21.0,3.9,3.9,3.86,3.43,3.74,3.82,3.8,0,1.0,0.0,1
Sman 4 Tegal,Mipa,4.0,21.0,4.0,4.0,4.0,3.9,3.96,3.91,4.0,0,,0.0,1
Sma N 1 Balapulang,Ipa,4.0,22.0,3.62,3.85,3.27,3.38,3.7,3.41,3.8,0,,0.0,1
Sma Negeri 1 Pangkah,Ips,4.0,22.0,3.1,3.65,3.14,3.0,3.35,2.95,3.6,0,1.0,1.0,1
,,4.0,23.0,3.43,3.4,3.45,2.95,3.22,3.0,3.8,0,,0.0,1
,,4.0,22.0,3.57,3.65,3.41,3.62,3.61,3.36,3.6,0,,0.0,1
Sma Negeri 1 Kota Tegal,Ipa,4.0,21.0,4.0,3.85,3.86,4.0,3.87,3.86,4.0,0,,0.0,1
Sma Negeri 4 Tegal,Mipa,4.0,22.0,4.0,3.75,3.86,3.86,3.91,3.91,3.8,0,,0.0,1
Sma Negeri 1 Slawi,Tkj,4.0,21.0,3.86,3.9,3.86,3.48,3.87,3.59,4.0,0,,0.0,1
,,4.0,22.0,3.38,3.9,3.27,3.14,3.04,2.45,3.6,0,1.0,1.0,1
Sma N 3 Slawi,Ips,4.0,23.0,3.48,3.7,3.41,3.33,3.91,3.36,3.6,0,,0.0,1
Man Pemalang,Ipa,4.0,23.0,3.19,3.55,3.41,2.48,3.0,2.73,3.6,0,,0.0,1
,,4.0,23.0,3.48,3.5,3.41,3.0,3.74,3.64,3.8,0,,0.0,1
Smk Negeri 1 Adiwerna,Tkj,4.0,23.0,3.52,3.8,3.68,3.76,3.61,3.91,4.0,0,,0.0,1
Sma Negeri 1 Tegal,Ips,4.0,22.0,3.52,3.8,3.59,3.76,3.74,3.86,4.0,0,,0.0,1
Smk Bhakti Praja Dukuhwaru,Tkj,4.0,22.0,3.71,3.65,3.59,3.29,3.13,3.14,3.8,0,0.0,1.0,1
Smk Negeri 2 Adiwerna,Tkj,4.0,22.0,3.52,3.4,3.14,3.05,3.3,3.14,2.8,0,1.0,0.0,1
Smk Negeri 1 Slawi,Tkj,4.0,22.0,3.71,3.9,3.55,3.62,3.65,3.27,4.0,0,1.0,1.0,1
Smkn 1 Adiwerna,Teknik Audio Video,4.0,21.0,3.48,3.65,3.73,3.24,3.57,3.23,3.2,0,1.0,0.0,1
,,4.0,22.0,3.86,3.9,3.36,3.1,3.57,2.86,2.8,0,,0.0,1
Man 1 Tegal,Ipa,4.0,22.0,3.76,3.8,3.86,3.38,3.52,3.5,4.0,0,,0.0,1
Sma Negeri 2 Brebes,Ips,4.0,23.0,3.29,3.5,3.05,2.86,3.13,2.95,3.8,0,,0.0,1
,,4.0,22.0,3.33,3.65,3.27,3.24,3.78,3.36,3.8,0,,1.0,1
,,4.0,22.0,3.67,3.65,3.59,3.38,3.13,3.5,3.8,0,1.0,0.0,1
,,4.0,22.0,2.95,3.0,3.23,2.81,3.17,3.05,3.8,0,1.0,0.0,1
Sman 5 Tegal,Ipa,4.0,22.0,3.57,3.85,3.82,3.86,3.87,3.73,4.0,0,,1.0,1
,,4.0,22.0,3.81,3.6,3.77,3.48,3.87,3.91,4.0,0,1.0,0.0,1
Sma 1 Slawi,Ipa,4.0,24.0,4.0,4.0,3.36,3.48,3.52,3.64,4.0,0,1.0,0.0,1
,,7.0,25.0,3.1,3.4,2.91,3.14,2.9,3.05,3.83,1,,0.0,0
,,7.0,24.0,3.43,3.35,3.7,3.73,3.33,3.43,3.58,1,,0.0,0
,,7.0,25.0,3.52,3.65,3.22,3.36,3.1,3.0,3.58,1,,0.0,0
,,7.0,26.0,2.81,3.4,3.09,3.41,2.9,3.19,3.83,1,,0.0,0
,,7.0,25.0,3.48,3.35,3.39,3.64,3.05,3.1,3.58,1,,0.0,0
,,7.0,24.0,4.0,4.0,3.91,4.0,3.86,3.9,4.0,1,1.0,0.0,0
,,7.0,25.0,3.38,3.75,3.61,3.64,3.05,3.14,3.83,1,,0.0,0
,,7.0,23.0,4.0,4.0,4.0,4.0,4.0,3.9,4.0,1,1.0,0.0,0
,,7.0,25.0,3.38,3.65,3.39,3.36,3.0,3.1,3.58,1,1.0,0.0,0
,,7.0,26.0,3.52,3.65,3.0,2.91,2.57,2.67,3.0,1,,1.0,0
,,7.0,26.0,3.29,3.55,3.39,3.64,2.76,3.0,3.75,1,,0.0,0
,,7.0,27.0,3.9,3.9,3.61,3.73,3.52,3.52,3.83,1,,0.0,0
,,6.0,26.0,3.14,3.3,3.09,3.09,2.81,2.67,2.67,1,,0.0,0
,,6.0,25.0,3.29,3.25,2.65,3.14,2.57,2.76,3.17,1,,0.0,0
,,6.0,24.0,3.24,3.45,2.87,3.36,3.1,3.05,2.92,1,,0.0,0
Smk Nu 1 Adiwerna,Tkj,6.0,24.0,3.43,3.6,3.39,3.41,3.0,3.05,3.25,1,,0.0,0
,,6.0,24.0,3.67,3.65,3.17,3.0,2.48,2.57,3.17,1,,0.0,0
,,6.0,26.0,3.48,3.75,3.13,3.0,3.05,2.62,3.17,1,,0.0,0
Smk N 1 Slawi,Multimedia,6.0,23.0,3.9,4.0,3.65,3.77,3.83,3.41,4.0,1,,0.0,0
,,5.0,24.0,3.67,3.5,3.27,3.14,2.96,2.73,3.0,1,,0.0,0
,,5.0,23.0,3.38,3.65,3.32,2.86,2.78,2.86,3.6,1,,0.0,0
,,5.0,23.0,3.67,3.65,3.68,3.48,3.7,4.0,3.8,1,,0.0,0
Sma Negeri 1 Dukuhwaru,Ips,5.0,23.0,3.33,3.8,2.95,2.95,3.17,2.95,3.8,1,1.0,0.0,0
,,5.0,23.0,3.48,3.4,3.23,3.05,3.43,3.0,3.8,1,,0.0,0
,,5.0,23.0,3.52,3.8,3.41,3.33,3.39,3.36,3.8,1,,0.0,0
Smk N 1 Dukuhturi,Teknik Komputer Dan Jaringan,5.0,22.0,4.0,3.75,3.73,3.67,3.87,3.77,4.0,1,,0.0,0
Man 1 Brebes,Ilmu Keagamaan,5.0,23.0,3.38,3.55,3.0,3.0,2.87,2.59,3.0,1,1.0,0.0,0
Smk Karya Bhakti Brebes,Tkj,5.0,23.0,3.76,3.65,3.77,3.62,3.48,3.09,4.0,1,0.0,0.0,0
,,5.0,24.0,3.29,3.5,3.23,2.76,3.09,3.14,2.8,1,0.0,0.0,0
,,5.0,22.0,3.57,3.9,4.0,3.52,3.65,3.59,4.0,1,0.0,0.0,0
,,5.0,23.0,3.76,3.8,3.73,3.62,3.74,3.5,3.2,1,0.0,0.0,0
,,5.0,24.0,3.67,3.25,2.82,2.81,3.17,3.14,3.0,1,1.0,0.0,0
,,5.0,23.0,3.48,3.5,3.5,3.19,3.61,3.0,3.8,1,,0.0,0
,,5.0,24.0,3.86,3.75,3.18,3.38,3.3,3.27,3.6,1,1.0,1.0,0
Smk Negeri 3 Kota Tegal,Teknik Komputer Jaringan,5.0,24.0,3.24,3.0,2.77,3.05,3.09,3.14,3.6,1,,0.0,0
,,5.0,24.0,3.52,3.9,3.45,3.48,3.43,2.64,3.8,1,,0.0,0
,,4.0,22.0,3.15,3.05,3.14,3.24,2.78,3.0,3.6,0,,0.0,1
Smk Bhakti Praja Dukuhwaru,Teknik Komputer Jaringan,4.0,22.0,3.65,3.5,3.59,3.76,3.35,3.36,3.8,0,,0.0,1
Smk Nu Hasyim Asy'Ari Tarub,Teknik Komputer Dan Jaringan,4.0,22.0,3.5,3.3,3.45,3.86,3.61,3.73,3.6,0,,0.0,1
Smk (Stm) Bhakti Praja Dukuhwaru,Tkj,4.0,21.0,3.8,3.7,3.5,3.9,3.48,3.5,3.8,0,,0.0,1
Sma N 1 Larangan,Ips,4.0,22.0,3.05,2.65,3.41,3.0,3.7,2.86,3.6,0,1.0,0.0,1
Smk Negeri 01 Adiwerna,Tkj,4.0,22.0,3.7,3.7,3.86,4.0,4.0,3.73,3.8,0,1.0,0.0,1
,,4.0,25.0,3.0,2.6,3.36,3.24,2.61,2.68,3.8,0,1.0,0.0,1
Smk Negeri 1 Pemalang,Teknik Komputer Dan Jaringan,4.0,22.0,3.75,3.6,3.73,3.76,3.87,3.73,3.8,0,1.0,0.0,1
Smk Dinamika Kota Tegal,Teknik Otomotif,4.0,26.0,3.45,3.75,3.64,3.67,3.78,3.86,4.0,0,,1.0,1
Sma Negeri 2 Pemalang,Ips,4.0,22.0,3.65,3.8,3.86,4.0,4.0,3.86,4.0,0,1.0,0.0,1
,,4.0,24.0,3.65,3.15,3.64,3.1,3.0,3.73,3.8,0,,1.0,1
Pondok Pesantren Imam Asyafii Brebes,Ips,4.0,23.0,3.05,2.75,3.55,3.81,3.39,3.45,3.8,0,,0.0,1
,,4.0,21.0,3.9,3.7,3.59,3.9,3.74,4.0,3.8,0,,0.0,1
Sma N 4 Tegal,Ips,4.0,24.0,3.4,2.9,3.05,3.1,3.35,3.5,3.8,0,1.0,0.0,1
Sma N 1 Pangkah,Ips,4.0,22.0,3.4,3.45,3.73,3.9,3.74,3.73,4.0,0,1.0,0.0,1
Smk Negeri 1 Adiwerna,Teknik Elektro Dan Listrik,4.0,23.0,3.8,3.7,3.86,3.9,4.0,3.73,4.0,0,1.0,0.0,1
Sma Negeri 2 Kota Tegal,Ipa,4.0,23.0,3.15,2.7,3.27,3.57,3.61,3.86,3.8,0,1.0,0.0,1
,,4.0,23.0,3.5,3.1,3.36,3.48,3.3,3.09,3.8,0,1.0,0.0,1
,,4.0,24.0,3.8,3.8,3.86,4.0,4.0,3.86,4.0,0,1.0,0.0,1
,,4.0,23.0,3.9,3.75,4.0,4.0,3.96,3.73,3.8,0,,1.0,1
Smk Nu 1 Slawi,Tkj,4.0,22.0,3.4,3.05,3.23,3.62,2.78,2.45,3.8,0,,0.0,1
Smk Negeri 01 Tonjong,Tkr,4.0,23.0,3.5,3.45,3.36,3.52,3.57,3.27,3.8,0,1.0,1.0,1
,,4.0,21.0,3.45,2.9,3.27,2.95,3.35,3.27,3.6,0,,0.0,1
,,4.0,21.0,3.8,3.35,3.59,3.76,4.0,3.86,4.0,0,,0.0,1
Smk N 1 Brebes,Tkj,4.0,22.0,3.35,3.55,3.41,3.9,3.83,3.73,3.8,0,,0.0,1
,,4.0,22.0,2.9,3.4,3.41,3.43,3.48,3.32,4.0,0,,0.0,1
,,4.0,22.0,2.8,2.3,2.77,2.67,2.43,2.23,3.6,0,,0.0,1
,,4.0,22.0,3.3,2.55,2.86,2.67,2.91,3.32,3.6,0,1.0,0.0,1
,,4.0,22.0,3.6,3.65,3.73,3.52,3.48,3.45,3.8,0,1.0,0.0,1
Sma Negeri 3 Brebes,Ipa,4.0,23.0,3.7,3.45,3.5,3.67,2.83,3.36,3.6,0,,1.0,1
,Ti,4.0,22.0,3.4,3.3,3.0,3.52,3.43,3.59,3.8,0,1.0,0.0,1
Man 1 Tegal,Ipa,4.0,22.0,2.65,2.1,2.77,2.9,3.26,2.73,3.8,0,,1.0,1
,,4.0,23.0,3.7,3.6,3.55,3.9,3.61,3.86,3.8,0,1.0,0.0,1
Sman 01 Dukuhwaru,Ipa,4.0,21.0,3.55,3.3,3.73,3.76,3.52,3.09,3.6,0,1.0,0.0,1
Sma N 2 Pemalang,Ips,4.0,21.0,3.15,3.45,3.77,3.48,3.7,3.86,3.8,0,1.0,0.0,1
Sma Negeri 1 Keramat,Ips,4.0,22.0,3.35,3.1,3.36,3.71,3.22,3.5,3.8,0,1.0,0.0,1
Smk Negeri 2 Adiwerna,Tkj,4.0,22.0,3.9,3.8,3.73,3.71,4.0,3.86,3.8,0,1.0,0.0,1
,,4.0,21.0,3.0,3.05,3.18,3.24,3.26,3.0,3.6,0,,0.0,1
Smk Nurul Ulum Lebaksiu,Teknik Komputer Dan Jaringan,4.0,23.0,3.6,3.3,3.36,3.62,3.35,2.82,4.0,0,1.0,0.0,1
Sma Negeri 1 Keramat,,4.0,22.0,3.55,3.0,2.86,2.76,3.0,2.77,3.6,0,1.0,0.0,1
Ma Al-Falah Jatirokeh,Agama,4.0,22.0,3.6,3.3,3.41,3.38,3.0,3.32,3.6,0,1.0,0.0,1
Sma Negeri 2 Tegal,Ips,4.0,23.0,3.45,3.3,3.5,3.43,3.35,3.41,3.8,0,1.0,0.0,1
,,4.0,23.0,3.9,3.7,3.86,3.9,4.0,3.86,4.0,0,,0.0,1
Sma N 1 Kramat,Ips,4.0,22.0,3.2,2.9,3.5,3.29,3.39,3.32,3.8,0,,1.0,1
,,4.0,23.0,3.9,3.9,4.0,4.0,4.0,3.73,3.8,0,,0.0,1
,,4.0,23.0,3.75,3.9,4.0,4.0,3.74,3.5,3.8,0,,1.0,1
,,4.0,24.0,3.45,3.75,3.41,3.9,3.74,3.86,3.8,0,1.0,0.0,1
,,4.0,21.0,3.1,2.8,3.18,3.29,3.13,2.82,3.6,0,1.0,0.0,1
Sma N 1 Dukuhwaru,Ipa,4.0,23.0,3.5,3.2,3.5,4.0,3.74,3.86,4.0,0,1.0,0.0,1
,,4.0,23.0,3.8,3.75,4.0,4.0,4.0,4.0,4.0,0,,0.0,1
,,4.0,22.0,3.4,3.2,3.32,3.52,3.39,3.09,3.8,0,,0.0,1
Sman 1 Pangkah,Ipa,4.0,22.0,3.6,3.65,3.86,3.76,3.74,3.73,3.8,0,1.0,0.0,1
Sma N 2 Tegal,Ips,4.0,21.0,3.2,2.85,3.36,3.29,3.13,3.73,3.8,0,1.0,0.0,1
,,4.0,21.0,3.8,4.0,4.0,4.0,3.87,3.86,4.0,0,1.0,1.0,1
Sma Negeri 2 Brebes,Ipa,4.0,22.0,3.8,3.4,3.73,3.86,3.74,3.73,4.0,0,,0.0,1
Smk Bhakti Praja Dukuhwaru,Teknik Komputer Dan Jaringan,4.0,22.0,3.55,2.8,3.27,3.14,3.52,3.14,3.8,0,,0.0,1
,,4.0,24.0,3.6,3.55,3.82,4.0,3.74,3.86,3.8,0,,0.0,1
,,4.0,21.0,3.9,3.55,3.59,4.0,3.61,3.73,4.0,0,,1.0,1
Smk 2 Adiwerna,Tkj,4.0,22.0,3.3,3.15,3.27,3.76,3.26,3.5,3.0,0,,0.0,1
,,4.0,22.0,3.0,2.75,2.45,3.19,2.78,3.27,3.8,0,,0.0,1
Sma Futuhiyyah Mranggen,Ipa,4.0,21.0,3.15,3.05,3.14,3.33,3.74,3.36,3.6,0,1.0,0.0,1
Smk N 1 Adiwerna,Tkj,4.0,21.0,3.8,3.65,3.86,4.0,3.83,3.73,4.0,0,1.0,0.0,1
,,4.0,22.0,3.45,3.25,3.23,3.52,3.43,3.14,3.6,0,,0.0,1
Sma Negeri 1 Dukuhwaru,Ipa,4.0,23.0,3.55,3.45,3.5,4.0,4.0,3.86,4.0,0,1.0,0.0,1
,,4.0,22.0,3.45,3.65,3.5,3.76,3.87,3.86,3.8,0,,0.0,1
,,,,3.4,3.1,2.86,2.86,2.65,2.77,3.6,1,,,0
,,,,3.1,3.0,2.77,3.1,2.74,2.36,3.6,1,,,0
,,,,3.0,3.05,3.14,3.29,3.35,3.32,3.0,1,,,0
,,,,3.9,3.25,3.32,3.43,3.22,2.95,3.8,1,,,0
,,,,3.45,3.3,3.05,3.67,3.61,3.73,3.6,1,,,0
,,,,2.8,2.5,3.14,2.81,2.78,2.59,3.0,1,,,0
,,,,3.2,3.35,3.32,3.29,3.39,3.73,3.8,1,,,0
,,,,3.3,2.75,2.68,2.71,3.22,2.86,3.6,1,,,0
,,,,3.0,3.25,3.41,3.14,2.91,3.36,3.6,1,,,0
,,,,3.45,2.95,2.77,3.33,3.39,3.45,3.0,1,,,0
,,,,3.55,3.5,3.77,3.52,3.22,3.73,4.0,1,,,0
,,,,3.4,3.05,3.5,3.76,3.52,3.86,3.8,1,,,0
,,,,3.8,3.3,3.32,3.62,3.26,2.64,3.6,1,,,0
,,,,3.6,2.95,3.27,3.33,2.65,2.91,3.8,1,,,0
,,,,3.8,3.55,3.73,3.67,3.7,3.59,3.8,1,,,0
,,,,3.3,3.0,3.41,3.0,3.26,2.68,3.8,1,,,0
,,,,3.1,3.25,3.68,3.76,3.35,3.73,2.8,1,,,0
,,,,3.55,2.9,3.36,3.67,3.52,3.73,3.0,1,,,0
,,,,3.15,3.45,3.5,3.29,3.13,3.0,3.8,1,,,0
,,,,3.2,2.95,3.41,3.67,3.0,2.82,3.0,1,,,0
,,,,3.4,3.55,3.45,3.62,3.35,3.45,3.8,1,,,0
,,,,3.7,2.95,3.36,3.57,2.83,3.36,3.8,1,,,0
,,,,3.45,3.65,3.5,3.1,3.22,2.73,2.8,1,,,0
,,,,3.4,3.2,3.23,3.38,3.39,2.64,3.8,1,,,0
,,,,3.0,2.2,3.14,3.0,2.65,2.5,3.6,1,,,0
,,,,3.2,2.6,3.18,2.33,2.65,2.41,2.0,1,,,0
,,,,3.9,3.8,3.59,3.48,3.87,3.27,3.4,1,,,0
,,,,3.1,3.0,2.73,2.95,2.57,2.77,3.6,1,,,0
,,,,2.75,2.75,2.36,2.76,3.09,3.23,3.6,1,,,0
,,,,3.45,2.95,3.23,3.52,3.43,3.23,3.8,1,,,0
,,,,3.1,2.45,2.95,2.86,2.91,3.27,3.0,1,,,0
,,,,3.1,2.3,2.77,3.0,2.65,2.68,2.8,1,,,0
,,,,3.2,3.05,3.36,3.29,3.17,2.86,3.8,1,,,0
,,,,3.9,3.8,3.77,3.43,3.04,2.14,3.4,1,,,0
,,,,3.1,2.5,2.68,3.29,2.78,3.5,3.8,1,,,0
,,,,2.55,2.95,2.77,2.52,2.78,2.5,3.6,1,,,0
,,,,3.3,3.05,3.36,3.62,3.13,3.36,3.8,1,,,0
,,,,3.25,2.65,2.59,2.62,2.87,2.73,3.4,1,,,0
,,,,3.0,2.35,2.73,2.33,2.78,2.86,3.0,1,,,0
